-- -- Games
-- INSERT INTO `games` VALUES (1,'League of Legends','lol');
-- INSERT INTO `games` VALUES (2,'Dota2','dota');
--
-- -- Dota users
-- INSERT INTO `dota_users` (`id`, `dota_exp`, `dota_id`, `dota_name`, `party_mmr`, `solo_mmr`, `team_id`, `carry`, `mid2`, `offlane`, `farm_support`, `hard_support`) VALUES (1,'I have been playing dota for 10 years','123456789','DotaName',1550,0,NULL,NULL,NULL,TRUE,NULL,NULL);
-- INSERT INTO `dota_users` (`id`, `dota_exp`, `dota_id`, `dota_name`, `party_mmr`, `solo_mmr`, `team_id`, `carry`, `mid2`, `offlane`, `farm_support`, `hard_support`) VALUES (2,'I have been playing dota for 10 years','234567891','DotaName2',2550,0,NULL,TRUE,NULL,NULL,TRUE,TRUE);
-- INSERT INTO `dota_users` (`id`, `dota_exp`, `dota_id`, `dota_name`, `party_mmr`, `solo_mmr`, `team_id`, `carry`, `mid2`, `offlane`, `farm_support`, `hard_support`) VALUES (3,'I have been playing dota for 10 years','345678912','DotaName3',3550,0,NULL,NULL,TRUE,NULL,NULL,TRUE);
-- INSERT INTO `dota_users` (`id`, `dota_exp`, `dota_id`, `dota_name`, `party_mmr`, `solo_mmr`, `team_id`, `carry`, `mid2`, `offlane`, `farm_support`, `hard_support`) VALUES (4,'I have been playing dota for 10 years','456789123','DotaName4',4550,0,NULL,NULL,NULL,NULL,NULL,NULL);
-- INSERT INTO `dota_users` (`id`, `dota_exp`, `dota_id`, `dota_name`, `party_mmr`, `solo_mmr`, `team_id`, `carry`, `mid2`, `offlane`, `farm_support`, `hard_support`) VALUES (5,'I have been playing dota for 10 years','567891234','DotaName5',6530,0,NULL,NULL,NULL,NULL,NULL,NULL);
-- INSERT INTO `dota_users` (`id`, `dota_exp`, `dota_id`, `dota_name`, `party_mmr`, `solo_mmr`, `team_id`, `carry`, `mid2`, `offlane`, `farm_support`, `hard_support`) VALUES (6,'I have been playing dota for 10 years','678912345','DotaName6',5430,0,NULL,TRUE,TRUE,NULL,NULL,NULL);
-- INSERT INTO `dota_users` (`id`, `dota_exp`, `dota_id`, `dota_name`, `party_mmr`, `solo_mmr`, `team_id`, `carry`, `mid2`, `offlane`, `farm_support`, `hard_support`) VALUES (7,'I have been playing dota for 10 years','789123456','dota44',4310,0,NULL,NULL,NULL,NULL,NULL,NULL);
-- INSERT INTO `dota_users` (`id`, `dota_exp`, `dota_id`, `dota_name`, `party_mmr`, `solo_mmr`, `team_id`, `carry`, `mid2`, `offlane`, `farm_support`, `hard_support`) VALUES (8,'I have been playing dota for 10 years','891234567','dota45',1230,0,NULL,NULL,NULL,NULL,TRUE,NULL);
-- INSERT INTO `dota_users` (`id`, `dota_exp`, `dota_id`, `dota_name`, `party_mmr`, `solo_mmr`, `team_id`, `carry`, `mid2`, `offlane`, `farm_support`, `hard_support`) VALUES (9,'I have been playing dota for 10 years','912345678','dota46',3250,0,NULL,NULL,NULL,NULL,NULL,NULL);
-- INSERT INTO `dota_users` (`id`, `dota_exp`, `dota_id`, `dota_name`, `party_mmr`, `solo_mmr`, `team_id`, `carry`, `mid2`, `offlane`, `farm_support`, `hard_support`) VALUES (10,'I have been playing dota for 10 years.','987654321','dota47',1220,0,NULL,NULL,NULL,NULL,NULL,NULL);
-- INSERT INTO `dota_users` (`id`, `dota_exp`, `dota_id`, `dota_name`, `party_mmr`, `solo_mmr`, `team_id`, `carry`, `mid2`, `offlane`, `farm_support`, `hard_support`) VALUES (11,'I have been playing dota for 10 years.','876543219','dota48',NULL,1,NULL,TRUE,TRUE,NULL,NULL,TRUE);
-- INSERT INTO `dota_users` (`id`, `dota_exp`, `dota_id`, `dota_name`, `party_mmr`, `solo_mmr`, `team_id`, `carry`, `mid2`, `offlane`, `farm_support`, `hard_support`) VALUES (12,'I have been playing dota for 10 years.','765432198','dota49',1230,NULL,NULL,NULL,NULL,NULL,NULL,NULL);
-- INSERT INTO `dota_users` (`id`, `dota_exp`, `dota_id`, `dota_name`, `party_mmr`, `solo_mmr`, `team_id`, `carry`, `mid2`, `offlane`, `farm_support`, `hard_support`) VALUES (13,'I have been playing dota for 10 years.','654321987','dota40',NULL,1230,NULL,NULL,NULL,TRUE,NULL,NULL);
-- INSERT INTO `dota_users` (`id`, `dota_exp`, `dota_id`, `dota_name`, `party_mmr`, `solo_mmr`, `team_id`, `carry`, `mid2`, `offlane`, `farm_support`, `hard_support`) VALUES (14,'I have been playing dota for 10 years.','543219876','dota5',5310,4420,NULL,NULL,NULL,NULL,NULL,NULL);
-- INSERT INTO `dota_users` (`id`, `dota_exp`, `dota_id`, `dota_name`, `party_mmr`, `solo_mmr`, `team_id`, `carry`, `mid2`, `offlane`, `farm_support`, `hard_support`) VALUES (15,NULL,'432198765','dota51',2120,3210,NULL,NULL,NULL,TRUE,NULL,NULL);
-- INSERT INTO `dota_users` (`id`, `dota_exp`, `dota_id`, `dota_name`, `party_mmr`, `solo_mmr`, `team_id`, `carry`, `mid2`, `offlane`, `farm_support`, `hard_support`) VALUES (16,NULL,'321987654','dota52',5520,4430,NULL,NULL,NULL,TRUE,NULL,NULL);
-- INSERT INTO `dota_users` (`id`, `dota_exp`, `dota_id`, `dota_name`, `party_mmr`, `solo_mmr`, `team_id`, `carry`, `mid2`, `offlane`, `farm_support`, `hard_support`) VALUES (17,'.','219876543','dota53',4610,3120,NULL,NULL,NULL,TRUE,NULL,NULL);
-- INSERT INTO `dota_users` (`id`, `dota_exp`, `dota_id`, `dota_name`, `party_mmr`, `solo_mmr`, `team_id`, `carry`, `mid2`, `offlane`, `farm_support`, `hard_support`) VALUES (18,'.','198765432','dota54',5150,4320,NULL,NULL,NULL,TRUE,NULL,NULL);
-- INSERT INTO `dota_users` (`id`, `dota_exp`, `dota_id`, `dota_name`, `party_mmr`, `solo_mmr`, `team_id`, `carry`, `mid2`, `offlane`, `farm_support`, `hard_support`) VALUES (19,'.','1010101010','dota55',6160,3210,NULL,NULL,NULL,TRUE,NULL,NULL);
-- INSERT INTO `dota_users` (`id`, `dota_exp`, `dota_id`, `dota_name`, `party_mmr`, `solo_mmr`, `team_id`, `carry`, `mid2`, `offlane`, `farm_support`, `hard_support`) VALUES (20,'.','0101010101','dota56',1660,6630,NULL,NULL,NULL,TRUE,NULL,NULL);
--
-- -- Lol users
-- INSERT INTO `lol_users` (`id`, `lol_exp`, `lol_id`, `region`, `rank`,`rank_level`, `summoner_name`, `team_id`, `top`, `jungle`, `mid`, `bottom`, `support`) VALUES (1,'I have been playing lol for 10 years.','1234','EUN1','GOLD_I',16,'LolName',NULL,NULL,NULL,TRUE,NULL,NULL);
-- INSERT INTO `lol_users` (`id`, `lol_exp`, `lol_id`, `region`, `rank`,`rank_level`, `summoner_name`, `team_id`, `top`, `jungle`, `mid`, `bottom`, `support`) VALUES (2,'str','12345','EUN1','CHALLENGER',27,'LolName2',NULL,NULL,TRUE,NULL,TRUE,NULL);
-- INSERT INTO `lol_users` (`id`, `lol_exp`, `lol_id`, `region`, `rank`,`rank_level`, `summoner_name`, `team_id`, `top`, `jungle`, `mid`, `bottom`, `support`) VALUES (3,'.','12346','EUN1','IRON_III',2,'LolNAme3',NULL,NULL,NULL,NULL,NULL,TRUE);
-- INSERT INTO `lol_users` (`id`, `lol_exp`, `lol_id`, `region`, `rank`,`rank_level`, `summoner_name`, `team_id`, `top`, `jungle`, `mid`, `bottom`, `support`) VALUES (4,NULL,'12347','EUW1','GOLD_III',14,'LolName4',NULL,NULL,NULL,NULL,TRUE,TRUE);
-- INSERT INTO `lol_users` (`id`, `lol_exp`, `lol_id`, `region`, `rank`,`rank_level`, `summoner_name`, `team_id`, `top`, `jungle`, `mid`, `bottom`, `support`) VALUES (5,'I have been playing lol for 10 years.','12348','EUN1','SILVER_I',12,'LolName5',NULL,TRUE,TRUE,NULL,NULL,NULL);
-- INSERT INTO `lol_users` (`id`, `lol_exp`, `lol_id`, `region`, `rank`,`rank_level`, `summoner_name`, `team_id`, `top`, `jungle`, `mid`, `bottom`, `support`) VALUES (6,'I have been playing lol for 10 years.','12349','EUN1','CHALLENGER',27,'LolName6',NULL,NULL,NULL,NULL,NULL,NULL);
-- INSERT INTO `lol_users` (`id`, `lol_exp`, `lol_id`, `region`, `rank`,`rank_level`, `summoner_name`, `team_id`, `top`, `jungle`, `mid`, `bottom`, `support`) VALUES (7,'I have been playing lol for 10 years.','123410','EUN1','GRANDMASTER',26,'LolName7',NULL,TRUE,TRUE,TRUE,TRUE,TRUE);
-- INSERT INTO `lol_users` (`id`, `lol_exp`, `lol_id`, `region`, `rank`,`rank_level`, `summoner_name`, `team_id`, `top`, `jungle`, `mid`, `bottom`, `support`) VALUES (8,'I have been playing lol for 10 years.','123411','EUN1','GOLD_II',15,'LolName8',NULL,NULL,NULL,NULL,NULL,NULL);
-- INSERT INTO `lol_users` (`id`, `lol_exp`, `lol_id`, `region`, `rank`,`rank_level`, `summoner_name`, `team_id`, `top`, `jungle`, `mid`, `bottom`, `support`) VALUES (9,'I have been playing lol for 10 years.','123412','EUN1','BRONZE_I',5,'LolName9',NULL,NULL,NULL,NULL,NULL,NULL);
-- INSERT INTO `lol_users` (`id`, `lol_exp`, `lol_id`, `region`, `rank`,`rank_level`, `summoner_name`, `team_id`, `top`, `jungle`, `mid`, `bottom`, `support`) VALUES (10,'I have been playing lol for 10 years.','123413','EUN1','GOLD_I',16,'LolName10',NULL,NULL,NULL,NULL,NULL,NULL);
-- INSERT INTO `lol_users` (`id`, `lol_exp`, `lol_id`, `region`, `rank`,`rank_level`, `summoner_name`, `team_id`, `top`, `jungle`, `mid`, `bottom`, `support`) VALUES (11,'I have been playing lol for 10 years.','123414','EUN1','PLATINUM_III',18,'LolName11',NULL,NULL,NULL,NULL,NULL,NULL);
-- INSERT INTO `lol_users` (`id`, `lol_exp`, `lol_id`, `region`, `rank`,`rank_level`, `summoner_name`, `team_id`, `top`, `jungle`, `mid`, `bottom`, `support`) VALUES (12,'I have been playing lol for 10 years.','123415','EUN1','DIAMOND_I',24,'LolName12',NULL,NULL,NULL,NULL,NULL,NULL);
-- INSERT INTO `lol_users` (`id`, `lol_exp`, `lol_id`, `region`, `rank`,`rank_level`, `summoner_name`, `team_id`, `top`, `jungle`, `mid`, `bottom`, `support`) VALUES (13,'I have been playing lol for 10 years.','123451','EUN1','GOLD_I',16,'LolName13',NULL,NULL,NULL,NULL,NULL,NULL);
-- INSERT INTO `lol_users` (`id`, `lol_exp`, `lol_id`, `region`, `rank`,`rank_level`, `summoner_name`, `team_id`, `top`, `jungle`, `mid`, `bottom`, `support`) VALUES (14,'I have been playing lol for 10 years.','123452','EUN1','DIAMOND_II',23,'LolName14',NULL,NULL,NULL,NULL,NULL,NULL);
-- INSERT INTO `lol_users` (`id`, `lol_exp`, `lol_id`, `region`, `rank`,`rank_level`, `summoner_name`, `team_id`, `top`, `jungle`, `mid`, `bottom`, `support`) VALUES (15,'I have been playing lol for 10 years.','123453','EUN1','MASTER',25,'LolName15',NULL,NULL,NULL,NULL,NULL,NULL);
-- INSERT INTO `lol_users` (`id`, `lol_exp`, `lol_id`, `region`, `rank`,`rank_level`, `summoner_name`, `team_id`, `top`, `jungle`, `mid`, `bottom`, `support`) VALUES (16,'I have been playing lol for 10 years.','123454','EUW1','GOLD_I',16,'LolName16',NULL,NULL,NULL,NULL,NULL,NULL);
-- INSERT INTO `lol_users` (`id`, `lol_exp`, `lol_id`, `region`, `rank`,`rank_level`, `summoner_name`, `team_id`, `top`, `jungle`, `mid`, `bottom`, `support`) VALUES (17,'I have been playing lol for 10 years.','123455','EUW1','GOLD_IV',13,'LolName17',NULL,NULL,NULL,NULL,NULL,NULL);
-- INSERT INTO `lol_users` (`id`, `lol_exp`, `lol_id`, `region`, `rank`,`rank_level`, `summoner_name`, `team_id`, `top`, `jungle`, `mid`, `bottom`, `support`) VALUES (18,'I have been playing lol for 10 years.','123456','EUW1','GOLD_I',16,'LolName18',NULL,NULL,NULL,NULL,NULL,NULL);
-- INSERT INTO `lol_users` (`id`, `lol_exp`, `lol_id`, `region`, `rank`,`rank_level`, `summoner_name`, `team_id`, `top`, `jungle`, `mid`, `bottom`, `support`) VALUES (19,'I have been playing lol for 10 years.','123457','NA1','GOLD_I',16,'LolName19',NULL,NULL,TRUE,TRUE,NULL,NULL);
-- INSERT INTO `lol_users` (`id`, `lol_exp`, `lol_id`, `region`, `rank`,`rank_level`, `summoner_name`, `team_id`, `top`, `jungle`, `mid`, `bottom`, `support`) VALUES (20,'I have been playing lol for 10 years.','123458','KR','GOLD_I',16,'LolName20',NULL,NULL,NULL,NULL,TRUE,NULL);
--
--
-- ALTER TABLE `lol_users` ADD CONSTRAINT uq_lol_users UNIQUE(summoner_name, region);
--
-- -- Users
-- INSERT INTO `users` VALUES (1,'GR','Admin','admin@admin.com',NULL,'$2a$10$KDpORRqGRyKhohKHjheTOOcxRgzCXu4uK5D8CAAvhQNpCrIKZ6ohO','ADMIN',NULL,NULL,NULL);
-- INSERT INTO `users` VALUES (2,'US','User1','user@user.com',NULL,'$2a$10$KDpORRqGRyKhohKHjheTOOcxRgzCXu4uK5D8CAAvhQNpCrIKZ6ohO','USER',NULL,NULL,NULL);
-- INSERT INTO `users` VALUES (3,'PL','Team1','team@team.com',NULL,'$2a$10$KDpORRqGRyKhohKHjheTOOcxRgzCXu4uK5D8CAAvhQNpCrIKZ6ohO','USER',NULL,NULL,NULL);
-- INSERT INTO `users` VALUES (4,'IT','User2','user2@user.com',NULL,'$2a$10$KDpORRqGRyKhohKHjheTOOcxRgzCXu4uK5D8CAAvhQNpCrIKZ6ohO','USER',NULL,NULL,NULL);
-- INSERT INTO `users` VALUES (5,'GR','UserName2','str2@123.com',NULL,'$2a$10$xyLp0N0ZbEmc45H4KlO0ZO0kRfMrIVqzWvJN5WO3ZSfYTt2OJnn4C','USER',NULL,NULL,NULL);
-- INSERT INTO `users` VALUES (6,'GR','UserName3','taz3@123.com','1235',NULL,'USER',NULL,NULL,NULL);
-- INSERT INTO `users` VALUES (7,'GR','UserName33','str3@123.com',NULL,'$2a$10$xyLp0N0ZbEmc45H4KlO0ZO0kRfMrIVqzWvJN5WO3ZSfYTt2OJnn4C','USER',NULL,NULL,NULL);
-- INSERT INTO `users` VALUES (8,'GR','UserName4','taz4@123.com','12346',NULL,'USER',NULL,NULL,NULL);
-- INSERT INTO `users` VALUES (9,'GR','UserName5','str4@123.com',NULL,'$2a$10$xyLp0N0ZbEmc45H4KlO0ZO0kRfMrIVqzWvJN5WO3ZSfYTt2OJnn4C','USER',NULL,NULL,NULL);
-- INSERT INTO `users` VALUES (10,'GR','taz','taz@123.com',NULL,'$2a$10$xyLp0N0ZbEmc45H4KlO0ZO0kRfMrIVqzWvJN5WO3ZSfYTt2OJnn4C','ADMIN',NULL,NULL,NULL);
-- INSERT INTO `users` VALUES (11,'GR','UserName6','email@123.com',NULL,NULL,'USER',NULL,NULL,NULL);
-- INSERT INTO `users` VALUES (12,'GR','UserName7','email1@123.com',NULL,NULL,'USER',NULL,NULL,NULL);
-- INSERT INTO `users` VALUES (13,'GR','UserName8','email2@123.com',NULL,NULL,'USER',NULL,NULL,NULL);
-- INSERT INTO `users` VALUES (14,'GR','UserName9','email3@123.com',NULL,NULL,'USER',NULL,NULL,NULL);
-- INSERT INTO `users` VALUES (15,'GR','UserName10','email4@123.com',NULL,NULL,'USER',NULL,NULL,NULL);
-- INSERT INTO `users` VALUES (16,'GR','UserName61','email5@123.com',NULL,NULL,'USER',NULL,NULL,NULL);
-- INSERT INTO `users` VALUES (17,'GR','UserName62','email6@123.com',NULL,NULL,'USER',NULL,NULL,NULL);
-- INSERT INTO `users` VALUES (18,'GR','UserName63','email7@123.com',NULL,NULL,'USER',NULL,NULL,NULL);
-- INSERT INTO `users` VALUES (19,'GR','UserName64','email8@123.com',NULL,NULL,'USER',NULL,NULL,NULL);
-- INSERT INTO `users` VALUES (20,'GR','UserName65','email9@123.com',NULL,NULL,'USER',NULL,NULL,NULL);
-- INSERT INTO `users` VALUES (21,'GR','UserName66','email0@123.com',NULL,NULL,'USER',NULL,NULL,NULL);
-- INSERT INTO `users` VALUES (22,'GR','UserName67','email11@123.com',NULL,NULL,'USER',NULL,NULL,NULL);
-- INSERT INTO `users` VALUES (23,'GR','UserName68','email12@123.com',NULL,NULL,'USER',NULL,NULL,NULL);
-- INSERT INTO `users` VALUES (24,'GR','UserName69','email13@123.com',NULL,NULL,'USER',NULL,NULL,NULL);
-- INSERT INTO `users` VALUES (25,'GR','UserName60','email14@123.com',NULL,NULL,'USER',NULL,NULL,NULL);
-- INSERT INTO `users` VALUES (26,'GR','UserName611','email15@123.com',NULL,NULL,'USER',NULL,NULL,NULL);
-- INSERT INTO `users` VALUES (27,'GR','UserName612','email16@123.com',NULL,NULL,'USER',NULL,NULL,NULL);
-- INSERT INTO `users` VALUES (28,'GR','UserName613','email17@123.com',NULL,NULL,'USER',NULL,NULL,NULL);
-- INSERT INTO `users` VALUES (29,'GR','UserName614','email18@123.com',NULL,NULL,'USER',NULL,NULL,NULL);
-- INSERT INTO `users` VALUES (30,'KR','UserName615','email19@123.com',NULL,NULL,'USER',NULL,NULL,NULL);
--
-- -- Teams
-- INSERT INTO `teams` VALUES (1,'MyTeamName is the best team in the world.',3500,'GOLD_II','EUN1','MyTeamName',3);
-- INSERT INTO `teams` VALUES (2,'We are looking for a support player',3990,'PLATINUM_I','EUN1','team2',5);
-- INSERT INTO `teams` VALUES (3,NULL,NULL,'CHALLENGER','EUW1','team3',7);
-- INSERT INTO `teams` VALUES (4,NULL,99999,NULL,NULL,'team4',11);
--
--
-- -- Lol filters
-- INSERT INTO `myteamfinderdb`.`lol_filters` (`id`, `bottom`, `jungle`, `mid`, `rank`, `region`, `support`, `top`) VALUES (1, TRUE, TRUE, FALSE, '5', 'EUN1', FALSE, TRUE);
-- INSERT INTO `myteamfinderdb`.`lol_filters` (`id`, `bottom`, `jungle`, `mid`, `rank`, `region`, `support`, `top`) VALUES (2, b'0', b'0', b'1', '18', 'EUW1', b'1', b'0');
-- INSERT INTO `myteamfinderdb`.`lol_filters` (`id`, `bottom`, `jungle`, `mid`, `rank`, `region`, `support`, `top`) VALUES (3, b'0', b'1', b'1', '27', 'NA1', b'0', b'0');
-- INSERT INTO `myteamfinderdb`.`lol_filters` (`id`, `bottom`, `jungle`, `mid`, `rank`, `region`, `support`, `top`) VALUES (4, b'1', b'1', b'0', '16', 'KR', b'0', b'1');
-- INSERT INTO `myteamfinderdb`.`lol_filters` (`id`, `bottom`, `jungle`, `mid`, `rank`, `region`, `support`, `top`) VALUES (5, b'1', b'0', b'0', '16', 'KR', b'0', b'0');
-- INSERT INTO `myteamfinderdb`.`lol_filters` (`id`, `bottom`, `jungle`, `mid`, `rank`, `region`, `support`, `top`) VALUES (6, b'1', b'0', b'0', '18', 'KR', b'0', b'1');
-- INSERT INTO `myteamfinderdb`.`lol_filters` (`id`, `bottom`, `jungle`, `mid`, `rank`, `region`, `support`, `top`) VALUES (7, b'1', b'1', b'1', '16', 'KR', b'1', b'1');
-- INSERT INTO `myteamfinderdb`.`lol_filters` (`id`, `bottom`, `jungle`, `mid`, `rank`, `region`, `support`, `top`) VALUES (8, b'1', b'0', b'0', '25', 'KR', b'0', b'0');
-- INSERT INTO `myteamfinderdb`.`lol_filters` (`id`, `bottom`, `jungle`, `mid`, `rank`, `region`, `support`, `top`) VALUES (9, b'1', b'0', b'0', '16', 'KR', b'0', b'0');
-- INSERT INTO `myteamfinderdb`.`lol_filters` (`id`, `bottom`, `jungle`, `mid`, `rank`, `region`, `support`, `top`) VALUES (10, b'1', b'0', b'1', '18', 'KR', b'1', b'0');
-- INSERT INTO `myteamfinderdb`.`lol_filters` (`id`, `bottom`, `jungle`, `mid`, `rank`, `region`, `support`, `top`) VALUES (11, b'1', b'0', b'0', '16', 'KR', b'0', b'0');
-- INSERT INTO `myteamfinderdb`.`lol_filters` (`id`, `bottom`, `jungle`, `mid`, `rank`, `region`, `support`, `top`) VALUES (12, b'1', b'0', b'0', '25', 'KR', b'0', b'0');
-- INSERT INTO `myteamfinderdb`.`lol_filters` (`id`, `bottom`, `jungle`, `mid`, `rank`, `region`, `support`, `top`) VALUES (13, b'1', b'0', b'0', '16', 'KR', b'0', b'0');
-- INSERT INTO `myteamfinderdb`.`lol_filters` (`id`, `bottom`, `jungle`, `mid`, `rank`, `region`, `support`, `top`) VALUES (14, b'1', b'0', b'0', '18', 'KR', b'0', b'0');
-- INSERT INTO `myteamfinderdb`.`lol_filters` (`id`, `bottom`, `jungle`, `mid`, `rank`, `region`, `support`, `top`) VALUES (15, b'1', b'1', b'1', '16', 'KR', b'1', b'1');
-- INSERT INTO `myteamfinderdb`.`lol_filters` (`id`, `bottom`, `jungle`, `mid`, `rank`, `region`, `support`, `top`) VALUES (16, b'1', b'1', b'0', '25', 'KR', b'1', b'0');
-- INSERT INTO `myteamfinderdb`.`lol_filters` (`id`, `bottom`, `jungle`, `mid`, `rank`, `region`, `support`, `top`) VALUES (17, b'1', b'0', b'0', '16', 'KR', b'0', b'0');
-- INSERT INTO `myteamfinderdb`.`lol_filters` (`id`, `bottom`, `jungle`, `mid`, `rank`, `region`, `support`, `top`) VALUES (18, b'1', b'0', b'1', '18', 'KR', b'1', b'0');
-- INSERT INTO `myteamfinderdb`.`lol_filters` (`id`, `bottom`, `jungle`, `mid`, `rank`, `region`, `support`, `top`) VALUES (19, b'1', b'0', b'0', '16', 'KR', b'1', b'0');
-- INSERT INTO `myteamfinderdb`.`lol_filters` (`id`, `bottom`, `jungle`, `mid`, `rank`, `region`, `support`, `top`) VALUES (20, b'1', b'0', b'0', '25', 'KR', b'0', b'0');
-- INSERT INTO `myteamfinderdb`.`lol_filters` (`id`, `bottom`, `jungle`, `mid`, `rank`, `region`, `support`, `top`) VALUES (21, b'1', b'0', b'0', '16', 'KR', b'0', b'0');
-- INSERT INTO `myteamfinderdb`.`lol_filters` (`id`, `bottom`, `jungle`, `mid`, `rank`, `region`, `support`, `top`) VALUES (22, b'1', b'0', b'0', '18', 'KR', b'0', b'0');
-- INSERT INTO `myteamfinderdb`.`lol_filters` (`id`, `bottom`, `jungle`, `mid`, `rank`, `region`, `support`, `top`) VALUES (23, b'1', b'1', b'1', '16', 'KR', b'1', b'1');
--
-- -- Dota filters
-- INSERT INTO `myteamfinderdb`.`dota_filters` (`id`, `carry`, `farm_support`, `hard_support`, `mid2`, `mmr`, `offlane`) VALUES (1, b'1', b'1', b'1', b'0', '4420', b'0');
-- INSERT INTO `myteamfinderdb`.`dota_filters` (`id`, `carry`, `farm_support`, `hard_support`, `mid2`, `mmr`, `offlane`) VALUES (2, b'0', b'0', b'0', b'1', '3990', b'1');
-- INSERT INTO `myteamfinderdb`.`dota_filters` (`id`, `carry`, `farm_support`, `hard_support`, `mid2`, `mmr`, `offlane`) VALUES (3, b'1', b'0', b'1', b'0', '4330', b'1');
-- INSERT INTO `myteamfinderdb`.`dota_filters` (`id`, `carry`, `farm_support`, `hard_support`, `mid2`, `mmr`, `offlane`) VALUES (4, b'0', b'1', b'0', b'0', '4320', b'0');
--
--
-- -- Posts
-- INSERT INTO `posts` VALUES (2,'I am looking for a team','PLAYER','2022-02-10 00:34:58.260000',NULL,1,NULL,2);
-- INSERT INTO `posts` VALUES (3,'I am looking for a team','PLAYER','2022-02-10 00:35:51.328000',NULL,2,NULL,17);
-- INSERT INTO `posts` VALUES (4,'Join us to play some League of legends','TEAM','2022-02-10 00:36:12.306000',NULL,1,NULL,3);
-- INSERT INTO `posts` VALUES (5,'We are looking for a support player with 20 years of experience.','TEAM','2022-02-10 00:36:34.757000',NULL,1,NULL,7);
-- INSERT INTO `posts` VALUES (6,'string','TEAM','2022-02-10 00:36:38.120000',NULL,2,NULL,5);
-- INSERT INTO `posts` VALUES (7,'I am looking for a team','PLAYER','2022-02-10 00:36:53.300000',NULL,2,NULL,24);
-- INSERT INTO `posts` VALUES (8,'I am looking for a team','PLAYER','2022-02-10 00:37:04.865000',NULL,2,NULL,26);
-- INSERT INTO `posts` VALUES (9,'stringasdfjhsdfhkhasdfkjhaskdfhjksahdfkjhasdjkfh','PLAYER','2022-02-10 00:37:19.540000',NULL,1,NULL,30);
-- INSERT INTO `posts` VALUES (10,'stringasdhfkajsdhf ahgsdfkjgahsdfkj shakjf kjasdhf kjasdhf kjsadhf k','PLAYER','2022-02-10 00:37:23.775000',NULL,1,NULL,12);
-- INSERT INTO `posts` VALUES (11,'string kljasdfj klsjafd ldjsaf k','PLAYER','2022-02-10 00:37:23.775000',NULL,1,NULL,13);
-- INSERT INTO `posts` VALUES (12,'string kladsjf lkasjdf alsdkj','PLAYER','2022-02-10 00:37:23.775000',NULL,1,NULL,15);
-- INSERT INTO `posts` VALUES (13,'string laskdjf asdjflksadjfj','PLAYER','2022-02-10 00:37:23.775000',NULL,1,NULL,17);
-- INSERT INTO `posts` VALUES (14,'stringeklf jawkehfaluifhuk','PLAYER','2022-02-10 00:37:23.775000',NULL,1,NULL,12);
-- INSERT INTO `posts` VALUES (15,'stringkawe jfoiaw hfoa;whjfo','PLAYER','2022-02-10 00:37:23.775000',NULL,1,NULL,13);
-- INSERT INTO `posts` VALUES (16,'string aoisudf asiuf hiudsaf','PLAYER','2022-02-10 00:37:23.775000',NULL,1,NULL,15);
-- INSERT INTO `posts` VALUES (17,'string fuioaewyh fiuyawh fiuwayhf','PLAYER','2022-02-10 00:37:23.775000',NULL,1,NULL,17);
-- INSERT INTO `posts` VALUES (18,'string eawfafkjhkfjaewfe','PLAYER','2022-02-10 00:37:23.775000',NULL,1,NULL,12);
-- INSERT INTO `posts` VALUES (19,'string awfehafkjhjafhkawhkf','PLAYER','2022-02-10 00:37:23.775000',NULL,1,NULL,13);
-- INSERT INTO `posts` VALUES (20,'string aewfalfjwakjlhf kjahf','PLAYER','2022-02-10 00:37:23.775000',NULL,1,NULL,15);
-- INSERT INTO `posts` VALUES (21,'string afaewfawff','PLAYER','2022-02-10 00:37:23.775000',NULL,1,NULL,17);
-- INSERT INTO `posts` VALUES (22,'string awef awfa','PLAYER','2022-02-10 00:37:23.775000',NULL,1,NULL,12);
-- INSERT INTO `posts` VALUES (23,'string','PLAYER','2022-02-10 00:37:23.775000',NULL,1,NULL,13);
-- INSERT INTO `posts` VALUES (24,'string','PLAYER','2022-02-10 00:37:23.775000',NULL,1,NULL,15);
-- INSERT INTO `posts` VALUES (25,'string','PLAYER','2022-02-10 00:37:23.775000',NULL,1,NULL,17);
-- INSERT INTO `posts` VALUES (26,'string awefa fawef af','PLAYER','2022-02-10 00:37:23.775000',NULL,1,NULL,12);
-- INSERT INTO `posts` VALUES (27,'I am looking for a team','PLAYER','2022-02-10 00:37:23.775000',NULL,1,NULL,13);
-- INSERT INTO `posts` VALUES (28,'I am looking for a team','PLAYER','2022-02-10 00:37:23.775000',NULL,1,NULL,15);
--
-- -- Comments
-- INSERT INTO `comments` VALUES (1,'string','2022-02-10 00:41:00.594000',2,1);
-- INSERT INTO `comments` VALUES (2,'string','2022-02-10 00:41:06.372000',2,3);
-- INSERT INTO `comments` VALUES (3,'string','2022-02-10 00:41:09.917000',2,5);
-- INSERT INTO `comments` VALUES (4,'string','2022-02-10 00:41:13.906000',2,6);
-- INSERT INTO `comments` VALUES (5,'string','2022-02-10 00:41:34.160000',4,3);
-- INSERT INTO `comments` VALUES (6,'string','2022-02-10 00:41:36.545000',4,4);
-- INSERT INTO `comments` VALUES (7,'string','2022-02-10 00:41:42.702000',6,4);
-- INSERT INTO `comments` VALUES (8,'string','2022-02-10 00:41:48.190000',6,9);
-- INSERT INTO `comments` VALUES (9,'string','2022-02-10 00:41:52.008000',6,8);
-- INSERT INTO `comments` VALUES (10,'string','2022-02-10 00:41:56.364000',7,8);
-- INSERT INTO `comments` VALUES (11,'string','2022-02-10 00:41:58.770000',7,7);
-- INSERT INTO `comments` VALUES (12,'string','2022-02-10 00:42:05.178000',9,1);
-- INSERT INTO `comments` VALUES (13,'string','2022-02-10 00:42:11.196000',10,8);
-- INSERT INTO `comments` VALUES (14,'string','2022-02-10 00:42:13.251000',10,8);
-- INSERT INTO `comments` VALUES (15,'string','2022-02-10 00:42:16.856000',10,3);
--
-- -- Post_comments
-- INSERT INTO `posts_comments` VALUES (2,1);
-- INSERT INTO `posts_comments` VALUES (2,2);
-- INSERT INTO `posts_comments` VALUES (2,3);
-- INSERT INTO `posts_comments` VALUES (2,4);
-- INSERT INTO `posts_comments` VALUES (4,5);
-- INSERT INTO `posts_comments` VALUES (4,6);
-- INSERT INTO `posts_comments` VALUES (6,7);
-- INSERT INTO `posts_comments` VALUES (6,8);
-- INSERT INTO `posts_comments` VALUES (6,9);
-- INSERT INTO `posts_comments` VALUES (7,10);
-- INSERT INTO `posts_comments` VALUES (7,11);
-- INSERT INTO `posts_comments` VALUES (9,12);
-- INSERT INTO `posts_comments` VALUES (10,13);
-- INSERT INTO `posts_comments` VALUES (10,14);
-- INSERT INTO `posts_comments` VALUES (10,15);
--
-- -- Teams_lol-users
-- INSERT INTO `myteamfinderdb`.`teams_lol_users` (`team_id`, `lol_users_id`) VALUES ('1', '1');
-- INSERT INTO `myteamfinderdb`.`teams_lol_users` (`team_id`, `lol_users_id`) VALUES ('1', '6');
-- INSERT INTO `myteamfinderdb`.`teams_lol_users` (`team_id`, `lol_users_id`) VALUES ('1', '9');
-- INSERT INTO `myteamfinderdb`.`teams_lol_users` (`team_id`, `lol_users_id`) VALUES ('1', '12');
-- INSERT INTO `myteamfinderdb`.`teams_lol_users` (`team_id`, `lol_users_id`) VALUES ('1', '16');
-- INSERT INTO `myteamfinderdb`.`teams_lol_users` (`team_id`, `lol_users_id`) VALUES ('2', '4');
-- INSERT INTO `myteamfinderdb`.`teams_lol_users` (`team_id`, `lol_users_id`) VALUES ('2', '8');
-- INSERT INTO `myteamfinderdb`.`teams_lol_users` (`team_id`, `lol_users_id`) VALUES ('2', '14');
-- INSERT INTO `myteamfinderdb`.`teams_lol_users` (`team_id`, `lol_users_id`) VALUES ('3', '10');
-- INSERT INTO `myteamfinderdb`.`teams_lol_users` (`team_id`, `lol_users_id`) VALUES ('3', '18');
--
-- -- Teams_dota-users
-- INSERT INTO `myteamfinderdb`.`teams_dota_users` (`team_id`, `dota_users_id`) VALUES ('1', '1');
-- INSERT INTO `myteamfinderdb`.`teams_dota_users` (`team_id`, `dota_users_id`) VALUES ('1', '7');
-- INSERT INTO `myteamfinderdb`.`teams_dota_users` (`team_id`, `dota_users_id`) VALUES ('1', '13');
-- INSERT INTO `myteamfinderdb`.`teams_dota_users` (`team_id`, `dota_users_id`) VALUES ('2', '5');
-- INSERT INTO `myteamfinderdb`.`teams_dota_users` (`team_id`, `dota_users_id`) VALUES ('2', '11');
-- INSERT INTO `myteamfinderdb`.`teams_dota_users` (`team_id`, `dota_users_id`) VALUES ('4', '2');
-- INSERT INTO `myteamfinderdb`.`teams_dota_users` (`team_id`, `dota_users_id`) VALUES ('4', '9');
-- INSERT INTO `myteamfinderdb`.`teams_dota_users` (`team_id`, `dota_users_id`) VALUES ('4', '15');
-- INSERT INTO `myteamfinderdb`.`teams_dota_users` (`team_id`, `dota_users_id`) VALUES ('4', '17');
-- INSERT INTO `myteamfinderdb`.`teams_dota_users` (`team_id`, `dota_users_id`) VALUES ('4', '19');
--
-- -- Team invites/requests
-- INSERT INTO `myteamfinderdb`.`team_invites` (`type`, `game_id`, `lol_user_id`, `team_id`) VALUES ('INVITE', '1', '19', '1');
-- INSERT INTO `myteamfinderdb`.`team_invites` (`type`, `game_id`, `lol_user_id`, `team_id`) VALUES ('INVITE', '1', '19', '2');
--
-- INSERT INTO `myteamfinderdb`.`team_invites` (`type`, `dota_user_id`, `game_id`, `team_id`) VALUES ('REQUEST', '20', '2', '1');
-- INSERT INTO `myteamfinderdb`.`team_invites` (`type`, `dota_user_id`, `game_id`, `team_id`) VALUES ('REQUEST', '19', '2', '1');
-- INSERT INTO `myteamfinderdb`.`team_invites` (`type`, `game_id`, `lol_user_id`, `team_id`) VALUES ('REQUEST', '1', '20', '1');
-- INSERT INTO `myteamfinderdb`.`team_invites` (`type`, `game_id`, `lol_user_id`, `team_id`) VALUES ('REQUEST', '1', '19', '1');
-- INSERT INTO `myteamfinderdb`.`team_invites` (`type`, `game_id`, `lol_user_id`, `team_id`) VALUES ('REQUEST', '1', '18', '1');
--
-- -- FK-Update
-- UPDATE `myteamfinderdb`.`users` SET `lol_user_id` = '1' WHERE (`id` = '3');
-- UPDATE `myteamfinderdb`.`users` SET `lol_user_id` = '2' WHERE (`id` = '5');
-- UPDATE `myteamfinderdb`.`users` SET `lol_user_id` = '3' WHERE (`id` = '6');
-- UPDATE `myteamfinderdb`.`users` SET `lol_user_id` = '4' WHERE (`id` = '4');
-- UPDATE `myteamfinderdb`.`users` SET `lol_user_id` = '5' WHERE (`id` = '7');
-- UPDATE `myteamfinderdb`.`users` SET `lol_user_id` = '6' WHERE (`id` = '8');
-- UPDATE `myteamfinderdb`.`users` SET `lol_user_id` = '7' WHERE (`id` = '9');
-- UPDATE `myteamfinderdb`.`users` SET `lol_user_id` = '8' WHERE (`id` = '21');
-- UPDATE `myteamfinderdb`.`users` SET `lol_user_id` = '9' WHERE (`id` = '11');
-- UPDATE `myteamfinderdb`.`users` SET `lol_user_id` = '10' WHERE (`id` = '12');
-- UPDATE `myteamfinderdb`.`users` SET `lol_user_id` = '11' WHERE (`id` = '13');
-- UPDATE `myteamfinderdb`.`users` SET `lol_user_id` = '12' WHERE (`id` = '14');
-- UPDATE `myteamfinderdb`.`users` SET `lol_user_id` = '13' WHERE (`id` = '15');
-- UPDATE `myteamfinderdb`.`users` SET `lol_user_id` = '14' WHERE (`id` = '16');
-- UPDATE `myteamfinderdb`.`users` SET `lol_user_id` = '15' WHERE (`id` = '17');
-- UPDATE `myteamfinderdb`.`users` SET `lol_user_id` = '16' WHERE (`id` = '18');
-- UPDATE `myteamfinderdb`.`users` SET `lol_user_id` = '17' WHERE (`id` = '19');
-- UPDATE `myteamfinderdb`.`users` SET `lol_user_id` = '18' WHERE (`id` = '20');
-- UPDATE `myteamfinderdb`.`users` SET `lol_user_id` = '19' WHERE (`id` = '2');
-- UPDATE `myteamfinderdb`.`users` SET `lol_user_id` = '20' WHERE (`id` = '30');
--
-- UPDATE `myteamfinderdb`.`users` SET `dota_user_id` = '1' WHERE (`id` = '3');
-- UPDATE `myteamfinderdb`.`users` SET `dota_user_id` = '2' WHERE (`id` = '4');
-- UPDATE `myteamfinderdb`.`users` SET `dota_user_id` = '3' WHERE (`id` = '5');
-- UPDATE `myteamfinderdb`.`users` SET `dota_user_id` = '4' WHERE (`id` = '6');
-- UPDATE `myteamfinderdb`.`users` SET `dota_user_id` = '5' WHERE (`id` = '7');
-- UPDATE `myteamfinderdb`.`users` SET `dota_user_id` = '6' WHERE (`id` = '8');
-- UPDATE `myteamfinderdb`.`users` SET `dota_user_id` = '7' WHERE (`id` = '9');
-- UPDATE `myteamfinderdb`.`users` SET `dota_user_id` = '8' WHERE (`id` = '11');
-- UPDATE `myteamfinderdb`.`users` SET `dota_user_id` = '9' WHERE (`id` = '12');
-- UPDATE `myteamfinderdb`.`users` SET `dota_user_id` = '10' WHERE (`id` = '13');
-- UPDATE `myteamfinderdb`.`users` SET `dota_user_id` = '11' WHERE (`id` = '14');
-- UPDATE `myteamfinderdb`.`users` SET `dota_user_id` = '12' WHERE (`id` = '15');
-- UPDATE `myteamfinderdb`.`users` SET `dota_user_id` = '13' WHERE (`id` = '16');
-- UPDATE `myteamfinderdb`.`users` SET `dota_user_id` = '14' WHERE (`id` = '17');
-- UPDATE `myteamfinderdb`.`users` SET `dota_user_id` = '15' WHERE (`id` = '23');
-- UPDATE `myteamfinderdb`.`users` SET `dota_user_id` = '16' WHERE (`id` = '24');
-- UPDATE `myteamfinderdb`.`users` SET `dota_user_id` = '17' WHERE (`id` = '25');
-- UPDATE `myteamfinderdb`.`users` SET `dota_user_id` = '18' WHERE (`id` = '26');
-- UPDATE `myteamfinderdb`.`users` SET `dota_user_id` = '19' WHERE (`id` = '27');
-- UPDATE `myteamfinderdb`.`users` SET `dota_user_id` = '20' WHERE (`id` = '28');
--
-- UPDATE `myteamfinderdb`.`users` SET `team_owned_id` = '1' WHERE (`id` = '3');
-- UPDATE `myteamfinderdb`.`users` SET `team_owned_id` = '2' WHERE (`id` = '5');
-- UPDATE `myteamfinderdb`.`users` SET `team_owned_id` = '3' WHERE (`id` = '7');
-- UPDATE `myteamfinderdb`.`users` SET `team_owned_id` = '4' WHERE (`id` = '11');
--
--
-- UPDATE `myteamfinderdb`.`lol_users` SET `team_id` = '1' WHERE (`id` = '1');
-- UPDATE `myteamfinderdb`.`lol_users` SET `team_id` = '2' WHERE (`id` = '4');
-- UPDATE `myteamfinderdb`.`lol_users` SET `team_id` = '1' WHERE (`id` = '6');
-- UPDATE `myteamfinderdb`.`lol_users` SET `team_id` = '2' WHERE (`id` = '8');
-- UPDATE `myteamfinderdb`.`lol_users` SET `team_id` = '3' WHERE (`id` = '7');
-- UPDATE `myteamfinderdb`.`lol_users` SET `team_id` = '1' WHERE (`id` = '12');
-- UPDATE `myteamfinderdb`.`lol_users` SET `team_id` = '2' WHERE (`id` = '2');
-- UPDATE `myteamfinderdb`.`lol_users` SET `team_id` = '1' WHERE (`id` = '16');
-- UPDATE `myteamfinderdb`.`lol_users` SET `team_id` = '3' WHERE (`id` = '5');
-- UPDATE `myteamfinderdb`.`lol_users` SET `team_id` = '1' WHERE (`id` = '9');
--
-- UPDATE `myteamfinderdb`.`dota_users` SET `team_id` = '1' WHERE (`id` = '1');
-- UPDATE `myteamfinderdb`.`dota_users` SET `team_id` = '4' WHERE (`id` = '2');
-- UPDATE `myteamfinderdb`.`dota_users` SET `team_id` = '2' WHERE (`id` = '3');
-- UPDATE `myteamfinderdb`.`dota_users` SET `team_id` = '1' WHERE (`id` = '7');
-- UPDATE `myteamfinderdb`.`dota_users` SET `team_id` = '4' WHERE (`id` = '9');
-- UPDATE `myteamfinderdb`.`dota_users` SET `team_id` = '2' WHERE (`id` = '11');
-- UPDATE `myteamfinderdb`.`dota_users` SET `team_id` = '1' WHERE (`id` = '13');
-- UPDATE `myteamfinderdb`.`dota_users` SET `team_id` = '4' WHERE (`id` = '15');
-- UPDATE `myteamfinderdb`.`dota_users` SET `team_id` = '4' WHERE (`id` = '17');
-- UPDATE `myteamfinderdb`.`dota_users` SET `team_id` = '4' WHERE (`id` = '8');
--
-- UPDATE `myteamfinderdb`.`posts` SET `lol_filters_id` = '1' WHERE (`id` = '2');
-- UPDATE `myteamfinderdb`.`posts` SET `lol_filters_id` = '2' WHERE (`id` = '4');
-- UPDATE `myteamfinderdb`.`posts` SET `lol_filters_id` = '3' WHERE (`id` = '5');
-- UPDATE `myteamfinderdb`.`posts` SET `lol_filters_id` = '4' WHERE (`id` = '9');
-- UPDATE `myteamfinderdb`.`posts` SET `lol_filters_id` = '5' WHERE (`id` = '10');
-- UPDATE `myteamfinderdb`.`posts` SET `lol_filters_id` = '6' WHERE (`id` = '11');
-- UPDATE `myteamfinderdb`.`posts` SET `lol_filters_id` = '7' WHERE (`id` = '12');
-- UPDATE `myteamfinderdb`.`posts` SET `lol_filters_id` = '8' WHERE (`id` = '13');
-- UPDATE `myteamfinderdb`.`posts` SET `lol_filters_id` = '9' WHERE (`id` = '14');
-- UPDATE `myteamfinderdb`.`posts` SET `lol_filters_id` = '10' WHERE (`id` = '15');
-- UPDATE `myteamfinderdb`.`posts` SET `lol_filters_id` = '11' WHERE (`id` = '16');
-- UPDATE `myteamfinderdb`.`posts` SET `lol_filters_id` = '12' WHERE (`id` = '17');
-- UPDATE `myteamfinderdb`.`posts` SET `lol_filters_id` = '13' WHERE (`id` = '18');
-- UPDATE `myteamfinderdb`.`posts` SET `lol_filters_id` = '14' WHERE (`id` = '19');
-- UPDATE `myteamfinderdb`.`posts` SET `lol_filters_id` = '15' WHERE (`id` = '20');
-- UPDATE `myteamfinderdb`.`posts` SET `lol_filters_id` = '16' WHERE (`id` = '21');
-- UPDATE `myteamfinderdb`.`posts` SET `lol_filters_id` = '17' WHERE (`id` = '22');
-- UPDATE `myteamfinderdb`.`posts` SET `lol_filters_id` = '18' WHERE (`id` = '23');
-- UPDATE `myteamfinderdb`.`posts` SET `lol_filters_id` = '19' WHERE (`id` = '24');
-- UPDATE `myteamfinderdb`.`posts` SET `lol_filters_id` = '20' WHERE (`id` = '25');
-- UPDATE `myteamfinderdb`.`posts` SET `lol_filters_id` = '21' WHERE (`id` = '26');
-- UPDATE `myteamfinderdb`.`posts` SET `lol_filters_id` = '22' WHERE (`id` = '27');
-- UPDATE `myteamfinderdb`.`posts` SET `lol_filters_id` = '23' WHERE (`id` = '28');
--
-- UPDATE `myteamfinderdb`.`posts` SET `dota_filters_id` = '1' WHERE (`id` = '3');
-- UPDATE `myteamfinderdb`.`posts` SET `dota_filters_id` = '2' WHERE (`id` = '6');
-- UPDATE `myteamfinderdb`.`posts` SET `dota_filters_id` = '3' WHERE (`id` = '7');
-- UPDATE `myteamfinderdb`.`posts` SET `dota_filters_id` = '4' WHERE (`id` = '8');
--
-- -- team invites constraints
-- ALTER TABLE `team_invites` ADD CONSTRAINT uq_team_invite_1 UNIQUE(type, game_id, lol_user_id, team_id);
-- ALTER TABLE `team_invites` ADD CONSTRAINT uq_team_invite_2 UNIQUE(type, game_id, dota_user_id, team_id);
